1603;libTileSparkle
296;libChatScreen_Layouts
10;gfxEmoBasicAngryRed
1992;libWordStrength
38;gfxEmoReservedStar
1432;libListSuggestionPopupContentNoImage
1505;libMsgBoxErrorOKCancel
1811;libSneakPeekPanel_5x3
1962;libWordStatContent_3x2
2019;sfxJingleTournamentNoMedal
1751;libPromotionScreen_Layouts
1241;libListOverviewContent_3x2
1864;libTextWheelItem_3x2
61;libAchievementBox
934;libGameStartBox
1807;libSneakPeekPanel_3x2
1812;libSneakPeekPanel_71x40
32;gfxEmoBasicShyBlue
1415;libListSimpleSearchContent_5x3
462;libFlagWheelItem_3x2
1173;libListNavigationThumbContent_3x2
1024;libLetterPanelBlock_3x2
1871;libTileLabels_3x2
2017;sfxJingleSelectOpponent
1877;libTileShine_3x2
1511;libMsgBoxOKCancel
1520;libNewGameScreen_Layouts
928;libGameSettings_Layouts
1028;libLetterPanelBlock_5x3
1275;libListProfileHeader_3x2
1408;libListShopItemTileContent_5x3
11;gfxEmoBasicAwe
1037;libLetterPanel_4x3
1016;libLetterBlockHint_5x3
1369;libListRankContent_3x2
1117;libListInviteContent_5x3
1304;libListProfileHistory_3x2
44;wo_mobile_fla.mcAchievementStarAni_3x2_370
697;wo_mobile_fla.mcPlayedWordDefinition_3x2_274
1038;libLetterPanel_5x3
2051;tile_default_gold_large_png$02bc45124af1fdd2c4471eb248d15e44-79108345
1901;libTutorialBox
1022;libLetterPanelBlock_16x9
1040;libLetterPanel_8x5
1918;libWelcomeBox
979;libLanguageScreen_Layouts
943;libGameStats_Layouts
1036;libLetterPanel_3x2
1306;libListProfileHistory_5x3
347;wo_mobile_fla.mcInventoryCoins_118
1103;libListInputContent_3x2
1435;libListSuggestionPopupContentSmall
2015;sfxJinglePlayTurn
1562;libNewsItemText
12;gfxEmoBasicBlush
99;libAutoLoginRetry_Layouts
229;libBuyTilesBox
1442;libListToggleContent_3x2
947;libHeart_5x3
2034;sfxStarsSpent
987;libLeaderboardScreen_Layouts
111;libAvatarFrameVerified
1571;libNotificationBar
1866;libTextWheelItem_5x3
1763;libQuestionMark
31;gfxEmoBasicShy
352;wo_mobile_fla.mcInventoryStars_120
27;gfxEmoBasicNaughtyWink
1;avatar_bot_beginner_small
2050;tile_default_white_small_png$ee1e61aea2aa6c33d68f3b1ea0bca3fa430070388
2053;tile_default_white_normal_png$9baf716790c9461a09a395fb70142a45-1767684704
1375;libListRefreshContent_3x2
4;avatar_default_large
1993;languages_zip$f27cd6933d42276780dc6c06c031f3db309290904
1861;libSwapBox
6;avatar_default_small
1592;libOptionsBox
21;gfxEmoBasicHappy
145;libBlockPop
1057;libListDigitalClockContent_3x2
1895;libTournamentResultBox
375;libEffectBlock_5x3
1032;libLetterPanelBlock_8x5
1098;libListImageContent_3x2
2029;sfxShop
2032;sfxShuffle3
319;libCoinBonusReward_5x3
2031;sfxShuffle2
1955;libWelcomeScreen_Layouts
2030;sfxShuffle1
370;libEffectBlock_3x2
1466;libLockIconDark
1998;sfxChatSend
2;avatar_bot_experienced_small
308;libCheckPilePanel_5x3
1204;libListNoteContent_3x2
26;gfxEmoBasicLove
300;libCheckPilePanel_16x9
2024;sfxPlayWOUnused
1508;libMsgBoxOK
1994;sfxButtonClose
1149;libListNavigationContent_5x3
424;libExistingUserScreen_Layouts
1885;libTileUpdateBox
650;libGameOverviewScreen_Layouts
1026;libLetterPanelBlock_4x3
1392;libListSearchContent_5x3
865;wo_mobile_fla.mcTutorialHighlights__302
2025;sfxPopup
1146;libListNavigationContent_3x2
437;libFacebookFriendsScreen_Layouts
1453;libListVersusContent_3x2
1206;libListNoteContent_5x3
2014;sfxJingleOpenGame
849;wo_mobile_fla.mcTutorialHighlights__300
106;libAvatarFrameDevteam
142;libBadges_5x3
7;avatar_tutorial_small
116;libBackground_3x2
1606;libPracticeChooseBotBox
310;libCheckPilePanel_71x40
2018;sfxJingleTournamentGold
1320;libListProfileStatsContent_3x2
139;libBadges_3x2
1252;libListOverviewPendingContent_3x2
322;libCoinReward_3x2
1140;libListMyProfileContent_3x2
1334;libListProfileStatsContent_5x3
2011;sfxJingleInviteFriend
35;gfxEmoBasicWinking
641;libGameOverScreen_Layouts
2061;wordon_de_xml$9cea2b094bb9fa5f61747b886f8f111c-719848306
2059;wordon_fr_xml$c56d5fa67e5e850e36f447132ea1110b-650731941
1755;libPurchaseBox
751;wo_mobile_fla.mcTutorialHand_286
19;gfxEmoBasicFlirt
1463;libLockIcon
121;libBackground_71x40
8;coin_reward_shadow
1075;libListDoubleNoteContent_3x2
1783;libSettingsScreen_Layouts
15;gfxEmoBasicCrying
2028;sfxRefreshStart
1816;libSpeechBubbleBitmap
1199;libListNewsContent_3x2
1837;libSplashScreen_Layouts
1285;libListProfileHeader_5x3
2023;sfxPlayMultiplier
1400;libListShopItemContent_3x2
1967;libWordStatContent_5x3
2056;wordon_it_xml$66617347908adb152b602d26d06c3196-587442396
1851;libStrengthBox
557;wo_mobile_fla.mcCoinsWonAni__341
2047;sfxWheelSnap5
123;libBackground_8x5
2046;sfxWheelSnap4
1597;wo_mobile_fla.mcSelectedBotAni_395
946;libHeart_3x2
2043;sfxWheelSnap1
2036;sfxTileDrop2
1759;libPurchaseTileBox
2037;sfxTileDrop3
30;gfxEmoBasicShocked
2045;sfxWheelSnap3
2038;sfxTileDrop4
2044;sfxWheelSnap2
2039;sfxTileDrop5
1582;libOpponentThinkBubble
2035;sfxTileDrop1
1445;libListToggleContent_5x3
34;gfxEmoBasicSilence
1429;libListSuggestionPopupContent
2013;sfxJingleNewGame
1412;libListSimpleSearchContent_3x2
2033;sfxShuffle4
395;wo_mobile_fla.mcExclamationTip_131
662;wo_mobile_fla.mcBoosterIcon_267
1874;libTileLabels_5x3
365;libEditAccountScreen_Layouts
1137;libListLabelContent_5x3
1983;wo_mobile_fla.mcWordStrengthBlinkAni_332
325;libCoinReward_5x3
2022;sfxPlayCounterDone
463;libFlagWheelItem_5x3
1868;libTileLabelNoValue_3x2
1176;libListNavigationThumbContent_5x3
313;libCheckPilePanel_8x5
2020;sfxJingleTournamentSilver
1996;sfxButtonGeneral
1497;libLoginByEmailScreen_Layouts
1127;libListLabelContent_3x2
742;wo_mobile_fla.mcWordScoreCounter_280
1143;libListMyProfileContent_5x3
1388;libListSearchContent_3x2
17;gfxEmoBasicDefeated
755;wo_mobile_fla.mcTutorialHighlights__285
18;gfxEmoBasicDevil
33;gfxEmoBasicSick
1107;libListInputContent_5x3
2012;sfxJingleLost
1838;libStrengthBarSparks
9;gfxEmoBasicAngel
20;gfxEmoBasicGrumpy
14;gfxEmoBasicCrazy
506;libGameInviteBox
1030;libLetterPanelBlock_71x40
28;gfxEmoBasicSad
832;wo_mobile_fla.mcTutorialHighlights__298
1035;libLetterPanel_16x9
1006;libLegalScreen_Layouts
2057;wordon_nl_xml$9c8055b02bd60cfd9fff293f9358c836-461056439
306;libCheckPilePanel_4x3
1373;libListRankContent_5x3
1460;libListVersusContent_5x3
25;gfxEmoBasicLaughingTeeth
341;libDefinitionBox
316;libCoinBonusReward_3x2
1997;sfxChatReceive
1011;libLetterBlockHint_3x2
1580;wo_mobile_fla.mcThinkBubbleIcons_254
772;wo_mobile_fla.mcTutorialHighlights__290
223;libBuyStarsBox
1856;libSuggestionBox
787;wo_mobile_fla.mcTutorialHighlights__292
867;libGameScreen_Layouts
1560;libNewUserScreen_Layouts
1502;libMsgBoxErrorOK
1377;libSmallLoader_5x3
1776;libSearchPlayerScreen_Layouts
2004;sfxCoinReward1
1758;wo_mobile_fla.mcPurchasedTilesAnim_403
2005;sfxCoinReward2
1636;libPromoRewardsBox
2006;sfxCoinReward3
1667;libPromoredeem_Layouts
5;avatar_default_medium
2007;sfxCoinReward4
1909;libWaitBox
2055;tile_default_gold_normal_png$8dcf1c1d28e46e1b75f238b9dd6747a51757282465
2052;tile_default_gold_small_png$5f972dce86c01b951a8a49cee1ff58371767568219
148;libButtonHighlight
2021;sfxJingleWon
36;gfxEmoReservedCoin
2008;sfxCoinReward5
1799;libShopOverviewScreen_Layouts
1769;libRateBox
2060;wordon_es_xml$7c9652df09a166e410f6dbaeb9ece505-610411207
1862;libSystemBubbleBitmap
2003;sfxCoinCollect5
2002;sfxCoinCollect4
2058;wordon_en_xml$f4b95727c8689f4a74a79bd2c4b47509-607893338
37;gfxEmoReservedCoinBonus
3;avatar_bot_expert_small
2010;sfxJingleInviteConfirm
1378;libListRefreshContent_5x3
1039;libLetterPanel_71x40
1999;sfxCoinCollect1
2000;sfxCoinCollect2
2001;sfxCoinCollect3
1358;libListPromoContent_5x3
22;gfxEmoBasicHeart
1703;libSmallCheck
1355;libListPromoContent_3x2
1115;libListInviteContent_3x2
1810;libSneakPeekPanel_4x3
1100;libListImageContent_5x3
29;gfxEmoBasicSadTear
2009;sfxJingleIntro
1815;libSneakPeekPanel_8x5
1699;libPromoshare_Layouts
2027;sfxRefreshEnd
1072;libListDigitalClockContent_5x3
2026;sfxPopupStar
1878;libTileShine_5x3
2016;sfxJingleRankings
1404;libListShopItemContent_5x3
2054;tile_default_white_large_png$21f7a28b91d175faba68e02c7016a7e1-1404023264
1418;libListStatContent_3x2
1092;libListFacebookInviteContent_3x2
23;gfxEmoBasicKiss
384;libEmailFriendsScreen_Layouts
2048;sfxWordalyzer1
1343;libListProfileVersusStatsContent_3x2
2049;sfxWordalyzer2
13;gfxEmoBasicConfused
24;gfxEmoBasicLaughing
1352;libListProfileVersusStatsContent_5x3
1094;libListFacebookInviteContent_5x3
114;libBackground_16x9
303;libCheckPilePanel_3x2
2041;sfxTilePick2
2042;sfxTilePick3
959;libIntroductionBox
2040;sfxTilePick1
1247;libListOverviewContent_5x3
1995;sfxButtonConfirm
1255;libListOverviewPendingContent_5x3
16;gfxEmoBasicDead
222;libSmallLoader_3x2
1623;libProfileScreen_Layouts
1421;libListStatContent_5x3
511;libGameNearEndBox
1754;wo_mobile_fla.mcPurchasedItemAnim_401
1406;libListShopItemTileContent_3x2
118;libBackground_4x3
1202;libListNewsContent_5x3
119;libBackground_5x3
1804;libSneakPeekPanel_16x9
1078;libListDoubleNoteContent_5x3
0;nl.hbgames.WordOn
